,precision,recall,f1-score,support
0,0.8134453781512605,0.8337639965546942,0.8234793704806466,1161.0
1,0.7617283950617284,0.735399284862932,0.7483323226197696,839.0
accuracy,0.7925,0.7925,0.7925,0.7925
macro avg,0.7875868866064945,0.7845816407088131,0.785905846550208,2000.0
weighted avg,0.7917501037452018,0.7925,0.7919551839030087,2000.0
