,precision,recall,f1-score,support
0,0.7926621160409556,0.8001722652885443,0.7963994856408059,1161.0
1,0.7198067632850241,0.7103694874851013,0.7150569886022795,839.0
accuracy,0.7625,0.7625,0.7625,0.7625
macro avg,0.7562344396629899,0.7552708763868228,0.7557282371215427,2000.0
weighted avg,0.7620992955598423,0.7625,0.7622763081331441,2000.0
