,precision,recall,f1-score,support
0,0.8327338129496403,0.797588285960379,0.8147822261328641,1161.0
1,0.7353603603603603,0.7783075089392133,0.7562246670526925,839.0
accuracy,0.7895,0.7895,0.7895,0.7895
macro avg,0.7840470866550003,0.7879478974497962,0.7855034465927784,2000.0
weighted avg,0.7918856495884374,0.7895,0.7902173300987322,2000.0
