,precision,recall,f1-score,support
0,0.8109452736318408,0.8423772609819121,0.826362484157161,1161.0
1,0.7695214105793451,0.7282479141835518,0.7483159828536436,839.0
accuracy,0.7945,0.7945,0.7945,0.7945
macro avg,0.7902333421055929,0.785312587582732,0.7873392335054024,2000.0
weighted avg,0.7935679630813188,0.7945,0.7936219768603355,2000.0
