,precision,recall,f1-score,support
0,0.8003369839932604,0.818260120585702,0.8091993185689949,1161.0
1,0.7404674046740467,0.7175208581644815,0.7288135593220338,839.0
accuracy,0.776,0.776,0.776,0.776
macro avg,0.7704021943336535,0.7678904893750917,0.7690064389455143,2000.0
weighted avg,0.7752216954688502,0.776,0.7754774925648946,2000.0
